"sample_name","Pseudotime"
"S1",0.41358104911869
"S2",0
"NA.",0.460425558682837
"NA.1",0.817151152398448
"NA.2",5.31583233215614
"NA.3",6.29017880200494
"NA.4",9.33802802797576
"NA.5",10.523565605378
